mean_fit_time,std_fit_time,mean_score_time,std_score_time,param_gbr__learning_rate,param_gbr__max_leaf_nodes,param_gbr__min_samples_leaf,param_gbr__n_estimators,param_gbr__subsample,params,split0_test_neg_mean_squared_error,split1_test_neg_mean_squared_error,split2_test_neg_mean_squared_error,split3_test_neg_mean_squared_error,split4_test_neg_mean_squared_error,split5_test_neg_mean_squared_error,split6_test_neg_mean_squared_error,split7_test_neg_mean_squared_error,split8_test_neg_mean_squared_error,split9_test_neg_mean_squared_error,mean_test_neg_mean_squared_error,std_test_neg_mean_squared_error,rank_test_neg_mean_squared_error,split0_train_neg_mean_squared_error,split1_train_neg_mean_squared_error,split2_train_neg_mean_squared_error,split3_train_neg_mean_squared_error,split4_train_neg_mean_squared_error,split5_train_neg_mean_squared_error,split6_train_neg_mean_squared_error,split7_train_neg_mean_squared_error,split8_train_neg_mean_squared_error,split9_train_neg_mean_squared_error,mean_train_neg_mean_squared_error,std_train_neg_mean_squared_error
0.06028561592102051,0.021137242655399784,0.0008993387222290039,0.0005383252506212989,0.1,2,1,100,0.1,"{'gbr__learning_rate': 0.1, 'gbr__max_leaf_nodes': 2, 'gbr__min_samples_leaf': 1, 'gbr__n_estimators': 100, 'gbr__subsample': 0.1}",-0.003861115442823743,-0.002363705810787839,-0.003472382613259548,-0.001532434234940049,-0.003473516714474831,-0.0063006557742539045,-0.0050828166750607,-0.0021425310182881397,-0.0044024661540798165,-0.002759922461531688,-0.0035391546899500256,0.0013723294220251028,32,-0.0030618715819004955,-0.0032209682237062777,-0.0032533792994512895,-0.0033052946485627593,-0.003267207752389565,-0.0027658382710498575,-0.002865987812023713,-0.003333466990145639,-0.003089138372784881,-0.0031194592133569274,-0.00312826121653714,0.00017976620792962413
0.06300091743469238,0.013055735210250264,0.001100444793701172,0.0003019496558748064,0.1,2,1,100,0.2,"{'gbr__learning_rate': 0.1, 'gbr__max_leaf_nodes': 2, 'gbr__min_samples_leaf': 1, 'gbr__n_estimators': 100, 'gbr__subsample': 0.2}",-0.0036292851476406912,-0.0020301965711821534,-0.0034688770674644195,-0.0017677050381857064,-0.002435590515161797,-0.006569455540852701,-0.00548589675391732,-0.0017726644289432492,-0.004612401968020794,-0.002825908651729838,-0.003459798168309867,0.0015600168464770163,31,-0.002958289477189107,-0.00324734219084155,-0.0029258220678717844,-0.003189829466193878,-0.0030393637125185145,-0.002747190215603671,-0.002848129270073924,-0.0032156437534813774,-0.0030562995232750506,-0.003013913641181423,-0.003024182331823028,0.0001539480850531225
0.06725349426269531,0.013510616370548973,0.0011997699737548828,0.0005999647079154207,0.1,2,1,100,0.25,"{'gbr__learning_rate': 0.1, 'gbr__max_leaf_nodes': 2, 'gbr__min_samples_leaf': 1, 'gbr__n_estimators': 100, 'gbr__subsample': 0.25}",-0.0040723618882556245,-0.0019134074599971619,-0.00389795753020075,-0.0019037200774227078,-0.0027745979445626904,-0.006346634018554687,-0.00590611554463435,-0.001770171782351485,-0.004389403599449035,-0.0028282595568179833,-0.0035802629402246467,0.0015537193263424653,33,-0.003034274972432288,-0.0032469731542465194,-0.002900260941089546,-0.0032378551331907032,-0.0033041580896673176,-0.002779670720550946,-0.002898265375333828,-0.0031642313468377495,-0.0030180831631857635,-0.003248533971337313,-0.0030832306867871976,0.00017317480313623935
0.0639564037322998,0.00833485580510737,0.0015168190002441406,0.0011968817462156953,0.1,2,1,100,0.5,"{'gbr__learning_rate': 0.1, 'gbr__max_leaf_nodes': 2, 'gbr__min_samples_leaf': 1, 'gbr__n_estimators': 100, 'gbr__subsample': 0.5}",-0.004059645335847331,-0.0020729533986031195,-0.0036205301889000135,-0.0018052005984439813,-0.0028728422384608297,-0.006247943470331962,-0.0058957276649300875,-0.0018224127268642051,-0.00457645640247409,-0.0029499409684877313,-0.0035923652993343352,0.0015202262186696717,34,-0.0030291745368124915,-0.003249079378048992,-0.003038387301880738,-0.0031896720193332877,-0.0031834366104576805,-0.0027261744553652924,-0.002875518178867259,-0.003212878204697892,-0.0030023957870113555,-0.003098877161000722,-0.0030605593633475712,0.00015584963608622883
0.06054949760437012,0.015350612984133736,0.0006116390228271485,0.00047605598597045575,0.1,2,1,100,0.75,"{'gbr__learning_rate': 0.1, 'gbr__max_leaf_nodes': 2, 'gbr__min_samples_leaf': 1, 'gbr__n_estimators': 100, 'gbr__subsample': 0.75}",-0.003973975248705749,-0.00220130022593942,-0.0038932739118910783,-0.001638211539766206,-0.0023802353461161298,-0.006565850666560625,-0.006023931279795266,-0.001902995849340937,-0.004458634205009376,-0.0030964010565921797,-0.0036134809329716965,0.0016142878075704546,35,-0.0030495618560285654,-0.0032221072140761918,-0.0030421443558865118,-0.0032395453743248913,-0.003178261358625168,-0.0028124030345713065,-0.0028444065535296525,-0.003250558358596551,-0.0030013348654654563,-0.0031154438658248865,-0.0030755766836929183,0.00014869949129620453
0.04374022483825683,0.001732431097306426,0.0009614944458007813,0.0005807911410015924,0.1,2,1,100,1.0,"{'gbr__learning_rate': 0.1, 'gbr__max_leaf_nodes': 2, 'gbr__min_samples_leaf': 1, 'gbr__n_estimators': 100, 'gbr__subsample': 1.0}",-0.004210598181113046,-0.00247445897742526,-0.004028861822483536,-0.0020090778631748907,-0.0022494208404434312,-0.006564819221846844,-0.006006750648821324,-0.0020815873996565207,-0.00449212967926821,-0.002992833303297899,-0.003711053793753096,0.001552677955874681,36,-0.0031388215134757797,-0.003309677457603578,-0.003141510043137713,-0.003363775351692236,-0.00328747137351028,-0.0028907669621144497,-0.0029487610767391904,-0.0033346619751353133,-0.003087649976334137,-0.003223184733685003,-0.003172628046342768,0.00015369267094802224
0.050163769721984865,0.0021315648265645523,0.0007989645004272461,0.000399524173676552,0.1,3,1,100,0.1,"{'gbr__learning_rate': 0.1, 'gbr__max_leaf_nodes': 3, 'gbr__min_samples_leaf': 1, 'gbr__n_estimators': 100, 'gbr__subsample': 0.1}",-0.00212703621361637,-0.001213668496270045,-0.001049957879602985,-0.0007371043395318391,-0.0009850040074625712,-0.001110532689050334,-0.001764334039653912,-0.0006272080215503575,-0.0011001841587242255,-0.0009237912779352842,-0.0011638821123397922,0.0004324775921556959,26,-0.0008604419566147256,-0.00075335830979694,-0.0007868663807729305,-0.0007698409038950102,-0.0008000563887761379,-0.0007828098343718584,-0.000844801147405599,-0.0007772581624706802,-0.0008916899056028375,-0.0009874710483433182,-0.0008254594038050037,6.841140234544902e-05
0.04936082363128662,0.0028024169766091484,0.0009427785873413086,0.000175670137138299,0.1,3,1,100,0.2,"{'gbr__learning_rate': 0.1, 'gbr__max_leaf_nodes': 3, 'gbr__min_samples_leaf': 1, 'gbr__n_estimators': 100, 'gbr__subsample': 0.2}",-0.0017425795046039137,-0.0016017803208370851,-0.0009423057670703715,-0.0008064842784403207,-0.0009578988822698875,-0.0017276971747680772,-0.0022008182530667635,-0.0012365538557697893,-0.0008697517244231074,-0.0008830832977427759,-0.0012968953058992093,0.0004618164810802797,29,-0.0007925962624523568,-0.0007761223012554546,-0.0007952811917099975,-0.0006878515293358659,-0.0007202993946800373,-0.0007828863117924454,-0.0007662371703399673,-0.0007110707295537888,-0.0008396927053743844,-0.0007093068748821275,-0.0007581344471376426,4.603414353612817e-05
0.05028703212738037,0.005505505133649067,0.0008022308349609375,0.00040116022474644505,0.1,3,1,100,0.25,"{'gbr__learning_rate': 0.1, 'gbr__max_leaf_nodes': 3, 'gbr__min_samples_leaf': 1, 'gbr__n_estimators': 100, 'gbr__subsample': 0.25}",-0.0015903599273700514,-0.0013454916608822164,-0.0011310150351918967,-0.0005487780378691725,-0.0008915096664458959,-0.0010804559407613442,-0.0017744754571457106,-0.0005043145251361088,-0.001188978537005813,-0.0007916360392080263,-0.0010847014827016234,0.0003949430567331026,25,-0.000719492796220662,-0.0007441389549300716,-0.0007101677640502984,-0.000663563815263545,-0.0007894728888246989,-0.000805406334275141,-0.0006512708034412635,-0.0007266838973515025,-0.0008026376574582667,-0.0007135025617234413,-0.0007326337473538891,5.101847389316654e-05
0.05825448036193848,0.006004633718584902,0.000699925422668457,0.0004582090502220543,0.1,3,1,100,0.5,"{'gbr__learning_rate': 0.1, 'gbr__max_leaf_nodes': 3, 'gbr__min_samples_leaf': 1, 'gbr__n_estimators': 100, 'gbr__subsample': 0.5}",-0.0019052582475669337,-0.0013770562037262886,-0.0009321467198793484,-0.0005992086867141337,-0.0008072826712170434,-0.0014976624897397911,-0.002144127973494195,-0.0006763423999495851,-0.0008815942207278017,-0.0008824383218837757,-0.0011703117934898897,0.0005062876861038278,27,-0.0006815575702993194,-0.0006749326331395211,-0.0006612786461030012,-0.0008023898355450302,-0.0007062669256109262,-0.0008182698578022853,-0.0006445194835352487,-0.0007365876327002428,-0.000789970223809708,-0.000721109716938315,-0.0007236882525483597,5.858687753564138e-05
0.05319797992706299,0.0017776265587097918,0.0008001565933227539,0.0004000964461757252,0.1,3,1,100,0.75,"{'gbr__learning_rate': 0.1, 'gbr__max_leaf_nodes': 3, 'gbr__min_samples_leaf': 1, 'gbr__n_estimators': 100, 'gbr__subsample': 0.75}",-0.001779658505356361,-0.0015913422614158214,-0.001100610578963108,-0.0003799737792591891,-0.0009745002315502936,-0.001229329609751009,-0.0020650615833716405,-0.0006738060091347429,-0.001226963542926316,-0.0009765037389374404,-0.0011997749840665923,0.00047948651115334615,28,-0.0006756368279024514,-0.000740620329245287,-0.0007246919026170144,-0.0007604070532210555,-0.0007396798668002444,-0.000769128624398055,-0.0006970658307013896,-0.0007179581286846096,-0.0007914595636334195,-0.0007593054887180514,-0.0007375953615921578,3.306738627678298e-05
0.04341003894805908,0.0019216582806121992,0.0008930683135986329,0.0002984501413035156,0.1,3,1,100,1.0,"{'gbr__learning_rate': 0.1, 'gbr__max_leaf_nodes': 3, 'gbr__min_samples_leaf': 1, 'gbr__n_estimators': 100, 'gbr__subsample': 1.0}",-0.001806278357557524,-0.0020883995239603407,-0.0017467423133027335,-0.0005083156064466782,-0.0012368534659172213,-0.001539016370624773,-0.0016992223650343593,-0.000635467688854353,-0.0013867055556812777,-0.0007532472999984702,-0.0013400248547377732,0.0005154385449375781,30,-0.0007520466299449696,-0.0007503345335247031,-0.0008174038037912432,-0.0008305656878693002,-0.0008009896978152875,-0.0008134237941795658,-0.0007915841603385376,-0.0008397690729925923,-0.0008313714117070088,-0.0007984333028761272,-0.0008025922095039335,2.9591123176140805e-05
0.048789358139038085,0.0017158761665030725,0.0009805917739868163,0.0004494634329356798,0.1,4,1,100,0.1,"{'gbr__learning_rate': 0.1, 'gbr__max_leaf_nodes': 4, 'gbr__min_samples_leaf': 1, 'gbr__n_estimators': 100, 'gbr__subsample': 0.1}",-0.001363887966974943,-0.001425186759786374,-0.000791094368153456,-0.0004675972295089176,-0.0005842632737746657,-0.000801023556570071,-0.0020088924769649497,-0.00068623857350169,-0.0008278813086388749,-0.0004152522131854363,-0.0009371317727059379,0.00047969387089343793,24,-0.0006033377369410048,-0.00048768436285262425,-0.00046000751523036663,-0.0006373273180710163,-0.0005384584721156758,-0.0004765212572088078,-0.000535637512007415,-0.0004955985193906985,-0.0004849817015118361,-0.000507856837012452,-0.0005227411232341897,5.451968174248198e-05
0.052135801315307616,0.0025113334295459866,0.0007999420166015625,0.0003999712072671187,0.1,4,1,100,0.2,"{'gbr__learning_rate': 0.1, 'gbr__max_leaf_nodes': 4, 'gbr__min_samples_leaf': 1, 'gbr__n_estimators': 100, 'gbr__subsample': 0.2}",-0.0006054111064112003,-0.0007380501730729525,-0.0007631726603323702,-0.0005724910095510507,-0.0006301148339832523,-0.00061958144450564,-0.0013189417289245888,-0.00038768045601446436,-0.0006028845327696785,-0.0003448862167411508,-0.0006583214162306349,0.00025313905537511806,23,-0.0003272244378616758,-0.00033504139459651107,-0.0004571668080531728,-0.0003864868908984387,-0.00036546554331661716,-0.0004243894064202057,-0.00030874893872457753,-0.0002985375451064759,-0.0003655034214108041,-0.0003391994732301795,-0.0003607763859618658,4.783012409525515e-05
0.0505638837814331,0.0028290366694910547,0.0008865594863891602,0.00029829749361489743,0.1,4,1,100,0.25,"{'gbr__learning_rate': 0.1, 'gbr__max_leaf_nodes': 4, 'gbr__min_samples_leaf': 1, 'gbr__n_estimators': 100, 'gbr__subsample': 0.25}",-0.0005866537979091763,-0.0008677698397378208,-0.0006219435459202511,-0.0004277772157392399,-0.00037430038302934375,-0.0005656135081415955,-0.0009904802526246965,-0.00037463854537869305,-0.0004357548357149163,-0.00033854585550546616,-0.0005583477779701199,0.00020866050017087458,22,-0.00030371691378674353,-0.00029309185746895564,-0.0003487069977810983,-0.00035240143306996684,-0.0002916923070720026,-0.0003542812748698044,-0.0002832030211664682,-0.0003269867671096244,-0.0004096017847386438,-0.000340472591480156,-0.00033041549485434633,3.6885331730743207e-05
0.05219204425811767,0.002980793642667717,0.0011070966720581055,0.0002978897415686375,0.1,4,1,100,0.5,"{'gbr__learning_rate': 0.1, 'gbr__max_leaf_nodes': 4, 'gbr__min_samples_leaf': 1, 'gbr__n_estimators': 100, 'gbr__subsample': 0.5}",-0.00045422810448689607,-0.0009005169588277163,-0.0005260869667561929,-0.0002576873819559359,-0.0003535119267913041,-0.0003428893968027333,-0.0008742692957343643,-0.00027974437789515994,-0.0002939720919518778,-0.00040732191123509187,-0.0004690228412437272,0.000223176670115573,16,-0.00023768674163461098,-0.0002811218060173582,-0.00029141856866962365,-0.00027672182383705,-0.0002758865960741445,-0.00027721308642225266,-0.0002824310606109826,-0.00023176139820773204,-0.00027030230537381276,-0.00027850770914221467,-0.0002703051095989782,1.856535317078051e-05
0.05509603023529053,0.003188347310494773,0.0008008718490600586,0.0004004393660087521,0.1,4,1,100,0.75,"{'gbr__learning_rate': 0.1, 'gbr__max_leaf_nodes': 4, 'gbr__min_samples_leaf': 1, 'gbr__n_estimators': 100, 'gbr__subsample': 0.75}",-0.0005935050485846871,-0.000719489279298419,-0.0005237201780694275,-0.0002811614794463949,-0.00040409924214277035,-0.00039381864766848394,-0.0011477444772331816,-0.0003018161137471844,-0.00029426263080583156,-0.00032789866198394067,-0.000498751575898032,0.0002562467615918041,18,-0.00026453173727416027,-0.00022427539387270167,-0.0002482133741445733,-0.00024608357153732254,-0.00025976895619263604,-0.00023026388331541536,-0.0002465169025460784,-0.00024829754010630107,-0.0002396164343615267,-0.0002690602549189141,-0.00024766280482696294,1.3445896314781506e-05
0.04289753437042236,0.0017572308764212516,0.0006994247436523437,0.00045788368747921247,0.1,4,1,100,1.0,"{'gbr__learning_rate': 0.1, 'gbr__max_leaf_nodes': 4, 'gbr__min_samples_leaf': 1, 'gbr__n_estimators': 100, 'gbr__subsample': 1.0}",-0.000541374668599664,-0.0009975548532357929,-0.0006641163678396656,-0.00026413984544870994,-0.0004307159323647556,-0.00047813118160639086,-0.0008903928457801499,-0.0003642519894708908,-0.000544198773960803,-0.0003672724083521642,-0.0005542148866658986,0.00022318761600172388,21,-0.0002625156008766525,-0.00029811872925926267,-0.00023422884026809917,-0.0002395241508037287,-0.0002780102916325841,-0.00027783684108524496,-0.0002654592880555855,-0.00024388245879475187,-0.00030364716996244856,-0.00025585190906349036,-0.0002659075279801848,2.246814309927875e-05
0.05076181888580322,0.0018473208012037353,0.0009103059768676758,0.00030648478733776913,0.1,6,1,100,0.1,"{'gbr__learning_rate': 0.1, 'gbr__max_leaf_nodes': 6, 'gbr__min_samples_leaf': 1, 'gbr__n_estimators': 100, 'gbr__subsample': 0.1}",-0.0003921966793413539,-0.000858530927701187,-0.00033139800379960793,-0.0008246443382887507,-0.0002491727055333553,-0.0005422619090058314,-0.0009669151305811672,-0.00031089585784839524,-0.00039428515259315385,-0.0002951410093216892,-0.0005165441714014491,0.0002535473953457584,20,-0.0002793622063368377,-0.0002678212096284285,-0.0002366832893407186,-0.00038661536374246094,-0.000280508967179799,-0.000365105308217518,-0.00028352766841743793,-0.0003205405940440956,-0.00034715974239304297,-0.0003618945611156538,-0.0003129218910415993,4.7612709132462824e-05
0.05159909725189209,0.0020662643236185213,0.0008975744247436523,0.00029922574716603057,0.1,6,1,100,0.2,"{'gbr__learning_rate': 0.1, 'gbr__max_leaf_nodes': 6, 'gbr__min_samples_leaf': 1, 'gbr__n_estimators': 100, 'gbr__subsample': 0.2}",-0.0004489539385666816,-0.0006489830714258268,-0.000392385099103352,-0.0005520348571045367,-0.00031374852748603687,-0.0003483987757184683,-0.0007141285206321685,-0.0003206863054443151,-0.00031674684185856205,-0.0002715325615488738,-0.0004327598498888822,0.00014674260743233194,15,-0.00019806351330608335,-0.00022573631734374154,-0.00021487895127020082,-0.0002297173408241539,-0.00020988868931243337,-0.00022546587797078057,-0.000172352637984334,-0.00019315471556524975,-0.00020559680093118943,-0.00020922778084748043,-0.00020840826253556473,1.6545786598450212e-05
0.056106734275817874,0.008154335982263458,0.0009986400604248048,4.7864570966070575e-06,0.1,6,1,100,0.25,"{'gbr__learning_rate': 0.1, 'gbr__max_leaf_nodes': 6, 'gbr__min_samples_leaf': 1, 'gbr__n_estimators': 100, 'gbr__subsample': 0.25}",-0.0005194576466222797,-0.00042686934071685807,-0.0004628223620412629,-0.0004207943350168748,-0.00021323658531538422,-0.00022156293327224133,-0.0006756678594434206,-0.0002055210369814939,-0.0002960040239162518,-0.00020824928986146098,-0.00036501854131875284,0.00015337953362422004,14,-0.00021629770480246078,-0.00016258545359462736,-0.00019706447569545655,-0.00021140605738619484,-0.00017650385613310495,-0.00016421841872878064,-0.0001736229490030859,-0.00021023086919419348,-0.00018056856366985676,-0.0002279578728867458,-0.0001920456221094507,2.2278893260618074e-05
0.07450034618377685,0.01351321603084766,0.0011000394821166991,0.0003004964335170628,0.1,6,1,100,0.5,"{'gbr__learning_rate': 0.1, 'gbr__max_leaf_nodes': 6, 'gbr__min_samples_leaf': 1, 'gbr__n_estimators': 100, 'gbr__subsample': 0.5}",-0.00030543765712951496,-0.00035566203716522275,-0.0003422903825214933,-0.00036547517390263067,-0.0002458358055934817,-0.00031373341030542604,-0.0005653928817433651,-0.0003074528477275028,-0.00019783389080762598,-0.00014875196208326218,-0.0003147866048979526,0.000106743638910497,8,-0.00014412486583680712,-0.00014626424560625805,-0.00015872517963274327,-0.0001568701624215969,-0.00017946420786240535,-0.00014801969354758592,-0.0001506800192702941,-0.0001561001860510663,-0.0001335456095598484,-0.0001500630881307452,-0.00015238572579193507,1.1381436102904096e-05
0.06979973316192627,0.005912964060512905,0.0011002302169799804,0.0007002116629699657,0.1,6,1,100,0.75,"{'gbr__learning_rate': 0.1, 'gbr__max_leaf_nodes': 6, 'gbr__min_samples_leaf': 1, 'gbr__n_estimators': 100, 'gbr__subsample': 0.75}",-0.0003000466212579734,-0.00039168282396800127,-0.0003126187669645802,-0.0003588616327166591,-0.00018434945149824165,-0.0002445093867883235,-0.0006797586983696938,-0.00027120652522523463,-0.0002340291553908175,-0.0001247202567609549,-0.000310178331894048,0.00014407248678960933,7,-0.00014599578532059138,-0.00014370235286746913,-0.0001599768821067075,-0.00015772406492870294,-0.00017155589360282232,-0.00012947369704839902,-0.00013822982097100322,-0.00015079338420530573,-0.00015866572075786658,-0.00014944969152382476,-0.00015055672933326927,1.1455757352155439e-05
0.047499871253967284,0.0031385761565483096,0.0009002447128295899,0.0003000907411531878,0.1,6,1,100,1.0,"{'gbr__learning_rate': 0.1, 'gbr__max_leaf_nodes': 6, 'gbr__min_samples_leaf': 1, 'gbr__n_estimators': 100, 'gbr__subsample': 1.0}",-0.0003449724102632227,-0.00040056443885552636,-0.0005602872789574151,-0.00028239153830769773,-0.0001842714084425568,-0.00035929323880221764,-0.0007589118943250473,-0.00029164724664123545,-0.00022123461904378992,-0.0001784546273882279,-0.00035820287010269374,0.0001717193820828733,13,-0.00017463165461928073,-0.00015268955300022373,-0.0001462376618557737,-0.00014989875239254582,-0.00014127771067903397,-0.00014776131614770263,-0.00015996785154799066,-0.00014774026764578207,-0.00016678038738065492,-0.00016130364455707458,-0.0001548288799826063,9.94909542245969e-06
0.050505542755126955,0.0024321455850219993,0.000898289680480957,0.0002994759068891581,0.1,8,1,100,0.1,"{'gbr__learning_rate': 0.1, 'gbr__max_leaf_nodes': 8, 'gbr__min_samples_leaf': 1, 'gbr__n_estimators': 100, 'gbr__subsample': 0.1}",-0.00046199541203584564,-0.0009986909641539938,-0.0004965894068071332,-0.0004743891944249187,-0.0003442944552515149,-0.00046141474233294105,-0.0006476564858796087,-0.00039305628365179007,-0.0004588393586374725,-0.0003496052238870766,-0.0005086531527062295,0.0001825762918805429,19,-0.00030876021392407636,-0.0003003992774344633,-0.000344114298473249,-0.0003334209598715458,-0.0003577486575715296,-0.00045177201565046885,-0.0003162390096728761,-0.0004729183049875837,-0.00035310442344783227,-0.0003325631515418835,-0.0003571040312575508,5.5628918063607215e-05
0.056416869163513184,0.006355315762738766,0.0008906841278076172,0.00029972659272008937,0.1,8,1,100,0.2,"{'gbr__learning_rate': 0.1, 'gbr__max_leaf_nodes': 8, 'gbr__min_samples_leaf': 1, 'gbr__n_estimators': 100, 'gbr__subsample': 0.2}",-0.0002948465380587164,-0.0004770226061916941,-0.00025454824494982654,-0.000268485465338742,-0.00020253945064304993,-0.00039695194541181284,-0.0007538499803273907,-0.0003259191493645983,-0.0002578110627421616,-9.528336161937572e-05,-0.0003327257804647368,0.0001711582530696475,9,-0.0001574814471803874,-0.00018425795881843853,-0.00017219778616116906,-0.0001543051448048145,-0.00020592566946348354,-0.00019537786247352063,-0.00013719921907139897,-0.00014937013263560436,-0.00019781004126349263,-0.00017857944755158718,-0.0001732504709423897,2.188306259871141e-05
0.054753351211547854,0.003731090237208263,0.0009996414184570313,0.0004473464744231628,0.1,8,1,100,0.25,"{'gbr__learning_rate': 0.1, 'gbr__max_leaf_nodes': 8, 'gbr__min_samples_leaf': 1, 'gbr__n_estimators': 100, 'gbr__subsample': 0.25}",-0.00018011641621722924,-0.0003397393908263254,-0.00023459145324932547,-0.0002809318376711213,-0.00028689077474767334,-0.00020398937523119102,-0.0011550412714089965,-0.0003378295514494047,-0.0002704832521101214,-0.0001179736586874561,-0.00034075869815988443,0.00027926722343626594,11,-0.0001367719110543408,-0.000147920604413522,-0.00015139231401934523,-0.00012921510447988206,-0.00012606679354920224,-0.00013712973435436252,-0.000151227363964642,-0.00015966679611885358,-0.00013743939724335732,-0.00015050900607112893,-0.00014273390252686366,1.0376503387367206e-05
0.06035292148590088,0.011364192895709044,0.0010004281997680665,0.00044744810012032417,0.1,8,1,100,0.5,"{'gbr__learning_rate': 0.1, 'gbr__max_leaf_nodes': 8, 'gbr__min_samples_leaf': 1, 'gbr__n_estimators': 100, 'gbr__subsample': 0.5}",-0.0002470536909911622,-0.0003661721945660472,-0.00030708919517123673,-0.00029131387208051015,-0.00019278567483095607,-0.0001981577564464751,-0.000666969044888595,-0.0002229808376548697,-0.00019316318958804114,-0.00016942034168643014,-0.00028551057979043235,0.00014004944844240308,3,-0.00011227110382276368,-0.00011586915759442397,-0.00011075468757802969,-0.00012744415576358364,-0.00010158828878576954,-0.00011437062866870598,-0.00010679706028218547,-0.00011433033887953634,-0.0001315951940995983,-0.00013204448536759185,-0.00011670651008421884,9.827929351951333e-06
0.06470313072204589,0.018979905252933076,0.0009013175964355469,0.00030045974744792245,0.1,8,1,100,0.75,"{'gbr__learning_rate': 0.1, 'gbr__max_leaf_nodes': 8, 'gbr__min_samples_leaf': 1, 'gbr__n_estimators': 100, 'gbr__subsample': 0.75}",-0.0001821995702344827,-0.0004279500713611912,-0.00028273965406833216,-0.00028907999442152383,-0.0002250616728867422,-0.00022619206419728248,-0.0004837776611338358,-0.00025612311823670073,-0.0001804253202028195,-0.00012453220059145795,-0.0002678081327334369,0.00010590183724452985,2,-0.00011762138051642728,-0.00012083585078105595,-0.00010926429632182036,-0.00012150302432779746,-0.00012094802487468874,-0.00011732461023746945,-0.00011749414914694837,-0.00011751404246807924,-0.00011813168972337727,-0.00011663013862908003,-0.00011772672070267441,3.2795607781630027e-06
0.050899720191955565,0.003080898043064279,0.0010015487670898438,3.4858068242067463e-06,0.1,8,1,100,1.0,"{'gbr__learning_rate': 0.1, 'gbr__max_leaf_nodes': 8, 'gbr__min_samples_leaf': 1, 'gbr__n_estimators': 100, 'gbr__subsample': 1.0}",-0.00022436683558629619,-0.00044489373132512944,-0.0004417869183939986,-0.00023448180020316846,-0.0002566420881887899,-0.00024156831296501615,-0.00045320902682577277,-0.0003684481668028038,-0.0002083619309174889,-0.0001702943443530287,-0.00030440531555614924,0.00010468528379637233,6,-0.00011970152159850717,-0.00012932330882225448,-0.000124265366175456,-0.00011643406735464536,-0.00012117301531807899,-0.00011659844056020785,-0.00011612222193841659,-0.00012169217223245491,-0.00014658577105425264,-0.0001345826903082504,-0.00012464785753625243,9.231478020955171e-06
0.05931046009063721,0.005365758495752005,0.0010996580123901368,0.00030278632110597643,0.1,10,1,100,0.1,"{'gbr__learning_rate': 0.1, 'gbr__max_leaf_nodes': 10, 'gbr__min_samples_leaf': 1, 'gbr__n_estimators': 100, 'gbr__subsample': 0.1}",-0.0007285615808388211,-0.00044038889311442166,-0.0006095560335489444,-0.00038973614182016787,-0.00045497104642386224,-0.0005467076558813643,-0.0006140970542688006,-0.0005105987102900675,-0.000312292299105117,-0.0003790264746699157,-0.0004985935889961483,0.00012130259697342944,17,-0.00026313492659257046,-0.00037113698017635376,-0.00032002410027661435,-0.0002715921019669335,-0.00026890696948574105,-0.000329125728191179,-0.0002263475130561005,-0.00032162374696869636,-0.000289864770884224,-0.0003084907973141144,-0.00029702476349125276,3.926975030368097e-05
0.04950337409973145,0.0026306885139633315,0.0007001161575317383,0.00045833399691793634,0.1,10,1,100,0.2,"{'gbr__learning_rate': 0.1, 'gbr__max_leaf_nodes': 10, 'gbr__min_samples_leaf': 1, 'gbr__n_estimators': 100, 'gbr__subsample': 0.2}",-0.000312094387198971,-0.0004775296869989506,-0.0002745573235929869,-0.00034828844301779566,-0.00019809724725225111,-0.0003205285827209484,-0.0009368995687530901,-0.000273405712758883,-0.00026104521006685655,-0.00016651912724623472,-0.00035689652896069674,0.00020946564085057526,12,-0.00019784152071779712,-0.0001623057649492811,-0.00016906700675838136,-0.0001941924548659954,-0.00015118126760052438,-0.0001782627393453344,-0.000170925804985707,-0.00015293980461128,-0.0001777470585069006,-0.00019001125573834545,-0.00017444746780795466,1.5483828281853018e-05
0.05421671867370605,0.0018495124020755517,0.0009847402572631836,5.252097223182747e-05,0.1,10,1,100,0.25,"{'gbr__learning_rate': 0.1, 'gbr__max_leaf_nodes': 10, 'gbr__min_samples_leaf': 1, 'gbr__n_estimators': 100, 'gbr__subsample': 0.25}",-0.00040726991802317894,-0.0005736899493684858,-0.00031827961492923186,-0.0002485852355077128,-0.00028654250089671385,-0.00025410010119088694,-0.000574316433090188,-0.00033945250484386996,-0.00021161921375512216,-0.00016416122069259472,-0.0003378016692297985,0.000134334743085235,10,-0.00018882968307282755,-0.00017725793897872325,-0.0001634250629717553,-0.00016086236019613136,-0.00016588743768994836,-0.00016434924270057263,-0.00012876721485923526,-0.00015291897158893394,-0.00011788302187646269,-0.0001492442555616677,-0.00015694251894962581,2.0041735084362453e-05
0.055851078033447264,0.003285084348605459,0.0008986711502075196,0.00029957846246716146,0.1,10,1,100,0.5,"{'gbr__learning_rate': 0.1, 'gbr__max_leaf_nodes': 10, 'gbr__min_samples_leaf': 1, 'gbr__n_estimators': 100, 'gbr__subsample': 0.5}",-0.00024658375152578153,-0.0003611413784993187,-0.00027728701571408957,-0.00031644988380995795,-0.00017737730257324488,-0.00023229605442257054,-0.0005111031609705368,-0.00024018124065591277,-0.00016364019576902038,-0.0001228201722987091,-0.00026488801562391423,0.00010620696488294827,1,-0.00012572863697073739,-0.0001149984010241291,-0.00012165594517971023,-0.00013283504417393291,-0.00011483002435924334,-0.0001159659212743198,-0.00011833759711417893,-0.00011606205741977702,-0.0001137388741827164,-0.0001245253521228203,-0.00011986778538215655,5.88296611359885e-06
0.058216094970703125,0.0038854257433150576,0.0010022401809692382,6.426740743055668e-06,0.1,10,1,100,0.75,"{'gbr__learning_rate': 0.1, 'gbr__max_leaf_nodes': 10, 'gbr__min_samples_leaf': 1, 'gbr__n_estimators': 100, 'gbr__subsample': 0.75}",-0.00019348699374481927,-0.00041508017182160346,-0.0003386095016741315,-0.0002494744511911091,-0.0002252318447255887,-0.0002653313748284388,-0.0005975541299765128,-0.00022545448721752136,-0.00019002913793488325,-0.00017843580187120576,-0.00028786878949858135,0.00012446664516818214,4,-0.00012077276220117235,-0.0001286873763585797,-0.00012182452226972248,-0.00011579169156680608,-0.00012228662032713215,-0.00011035584451697226,-0.0001334069905375896,-0.00010651136741073721,-0.0001065036343675575,-0.00012155291631984489,-0.00011876937258761143,8.523229310542893e-06
0.04548172950744629,0.0023204162646776145,0.0008003473281860352,0.0004001762413477257,0.1,10,1,100,1.0,"{'gbr__learning_rate': 0.1, 'gbr__max_leaf_nodes': 10, 'gbr__min_samples_leaf': 1, 'gbr__n_estimators': 100, 'gbr__subsample': 1.0}",-0.00022436683558629613,-0.00044489373132512933,-0.0004417869183939999,-0.00023448180020316844,-0.0002566420881887896,-0.00024156831296501494,-0.00045320902682577125,-0.000368448166802804,-0.00020836193091748888,-0.00017029434435302838,-0.000304405315556149,0.00010468528379637242,5,-0.00011970152159850705,-0.00012932330882225443,-0.000124265366175456,-0.00011643406735464541,-0.000121173015318079,-0.00011659844056020767,-0.0001161222219384168,-0.00012169217223245474,-0.0001465857710542526,-0.0001345826903082502,-0.0001246478575362524,9.231478020955144e-06
